Team ,Score ,Away Score ,Home Score ,FG% ,FT% ,3PT ,3PT% ,Assists ,Off. Rebounds ,Turnovers ,Def. Rebounds ,Steals ,Score ,Away Score ,Home Score ,FG% ,FT% ,3PT ,3PT% ,Assists ,
Abilene Christian,77,67.5,87.86,47.64,67.75,8,37.04,16.47,10.87,14.47,23.13,9.4,64.87,75.5,52.71,43.9,73.98,5,30,11.13,
Air Force,68.75,61,71.33,46.98,70.03,8.56,36.44,15.94,6.75,12.56,23.56,6.63,63.88,66.5,63,41.57,73.25,5.13,28.57,9.38,
Akron,69.38,60.5,73.33,41.66,67.08,8.85,34.23,13.31,11.08,11.92,26.62,7,62.62,64.25,61.89,41.79,68.24,6.69,35.08,12.23,
Alabama,83.29,77,86.78,44.13,70.99,10,34.83,15.36,13.93,16.36,32.57,5.86,71,71.4,70.78,38.47,69.18,5.57,27.96,10.86,
Alabama A&M,69.46,61,73.22,42.55,66.82,7.23,37.6,13.31,10.31,15.08,22.23,8.85,75.54,78.75,74.11,43.88,66.67,9.69,35.59,14.69,
Alabama State,63.71,60.45,75.67,35.67,70.61,6.21,33.08,10.5,13.14,12.86,24.29,5.36,79.07,82.73,65.67,47.05,67.47,8.14,37.75,15.36,
Albany,65.56,65.45,65.8,40.24,67.69,7.5,32.17,11.69,11.06,13.88,22.69,6.13,73.81,75.73,69.6,49.19,67.23,5.44,33.85,13.94,
Alcorn State,60.54,59.91,64,36.62,67.9,4.46,25.55,8.69,13.69,14.15,21.08,7.92,74.31,76.82,60.5,46.47,67.08,7.08,30.98,15.38,
American,67.77,65.13,72,50,72.25,7.46,38.04,14.31,7.69,14.31,23.54,7.85,61.69,62,61.2,42.3,68.58,6.23,33.2,10.62,
Appalachian State,75.27,64.33,82.56,46.02,70.61,8.27,34.25,13.87,8.47,11.93,27.73,7.47,65.33,70.5,61.89,40.02,69.74,7.67,33.33,12.33,
Arizona,88.71,74.67,92.55,52.23,74.29,7.93,36.16,20.43,10.29,14.36,31.57,6,72.79,72,73,40.52,67.54,8.07,31.83,13.14,
Arizona State,71.79,65.25,74.4,41.77,68,7.21,30.51,14.64,11.86,12.29,28.29,7.07,64.43,70,62.2,36.77,67.49,6.93,30.12,12.64,
Arkansas,77.69,74.33,78.7,48.49,71.63,4.85,30,13.92,9.31,12.54,26.31,10.46,61.77,70.67,59.1,41.04,68.28,5.08,28.45,9.54,
Arkansas State,68.53,58.8,73.4,46.26,65.28,5.93,33.97,15.13,10.53,12.4,24.2,7.67,65.13,69,63.2,42.14,71.27,7.4,39.36,11.67,
Arkansas-Little Rock,73.71,69,82.2,42.7,71.25,6.36,31.34,13.21,11.5,14.29,24.5,7.14,78.43,83.67,69,46.41,66.67,8,36.6,14.43,
Arkansas-Pine Bluff,63.71,57.2,80,38,69.74,7.43,29.63,13.36,11.07,15.86,24.79,8.36,69.36,76.9,50.5,43.79,69.7,6.71,32.41,14.86,
Army,76.13,71.86,79.88,48.25,70.38,8.87,36.54,14,8.8,13.2,27.2,4.53,71.8,72.43,71.25,43.13,73.25,8.47,33.78,13.8,
Auburn,72.69,66,74.7,44.18,67.12,6.08,29.7,14.31,13.15,14.15,25.92,8.69,61.77,59,62.6,38.9,65.84,4.69,26.18,9.85,
Austin Peay,70.2,62.33,82,41.99,75.48,7.47,34.57,13.87,11.47,12.13,22.2,6.4,71.27,76.11,64,47.75,70.33,6.07,31.71,14.4,
Ball State,77.43,73.86,81,49,68.54,7.29,39.08,13.43,10.64,12.43,25,6.29,67.07,70.71,63.43,42.01,68.83,6.86,35.56,9.14,
Baylor,79.31,72.75,82.22,46.46,71.84,9.54,35.43,16.62,12.31,14.23,24.23,8.62,66.31,83.5,58.67,42.61,68.4,7,34.34,14.23,
Bellarmine,67.07,59.44,78.5,46.13,74.27,9.13,38.81,14.8,6.73,11.47,22.6,5.8,64.33,70.78,54.67,42.74,74.69,8.93,34.54,14.07,
Belmont,74.07,69.71,77.88,45.73,69.55,10,40,14.93,7.87,12.07,22.67,7.6,71.47,74.71,68.63,45.49,67.67,7.07,34.98,12.4,
Bethune-Cookman,66.43,60.5,81.25,41.64,71.05,5.43,34.7,11.64,10.43,13.14,22.57,8.21,76.07,80.2,65.75,44.95,78.46,9.36,36.19,15.07,
Binghamton,70.07,67,73.14,44.42,69.88,5.43,28.68,10.93,10.93,13.93,24.5,5,74,76.29,71.71,44.85,75.87,7.5,36.21,11.43,
Boise State,70.47,64.17,74.67,43.61,72.73,7.53,34.66,11.13,9.6,11.27,28.2,5.47,59.73,62,58.22,38.33,72.84,5.53,28.04,9,
Boston College,64.73,63.6,65.3,41.92,67.17,4.47,26.48,10.33,10.47,12.33,24.73,6.8,67.47,75,63.7,43.48,68.16,8,36.36,12,
Boston University,68.53,63.88,73.86,40.71,71.37,8.27,33.42,11.93,10.4,10.87,26,7.13,66.8,68,65.43,41.8,69.87,6.87,32.19,11,
Bowling Green,75.85,75.5,76.14,43.26,75.7,7.38,31.68,14.69,11.23,11.31,26.85,6,74.38,79.67,69.86,44.43,70.43,8.54,35.35,13.31,
Bradley,69.27,57.29,79.75,45.64,66.67,8.2,35.86,13.2,9.8,13.53,26.87,8.07,58.73,65.29,53,38.07,74.34,6.47,30.79,10.4,
Brown,64.07,62.25,66.5,42.32,57.2,7.57,32.82,14,9.36,14,25.71,7.36,64.21,63.25,65.5,43.9,75.25,6.29,32.59,12,
Bryant,85.5,80.57,90.43,46.7,74.68,9.29,35.71,16.07,11,13.29,29.36,8.07,73.43,84,62.86,41.69,66.67,8.57,32.88,14.57,
Bucknell,70.2,66,75,47.27,71.11,7.67,36.86,14.8,8.47,13.2,27.4,4.93,66.6,72.88,59.43,40.25,66.67,8.2,32.71,13.6,
Buffalo,78.57,69.43,87.71,45.84,69.1,6.93,32.12,14.64,10.5,14.64,26.93,8.93,76.93,82,71.86,43.56,71.12,7.07,32.25,14.14,
Butler,70.6,70,70.82,47.35,72.51,6.8,34.58,13.67,6.8,11.67,25.4,7.13,64.33,63.75,64.55,41.88,70.66,5.93,30.38,13.2,
BYU,75.82,74.25,76.31,44.17,69.55,9.06,33.55,15.82,12.18,15.94,28.59,7.29,68,71.5,66.92,41.75,65.74,7.41,34.81,12,
Cal Baptist,66.6,64,68.88,40.93,63.84,8.13,32.36,13.47,11.47,12,26.53,4.33,64.13,67.29,61.38,42.4,73.08,5.53,29.33,10.87,
Cal Poly,62.57,52,70.5,42.7,75,5.43,30.04,9.43,8.93,14,24.79,6,63.5,65.67,61.88,41.87,70.04,6.71,31.54,11.21,
Cal State-Bakersfield,60.85,56.38,68,40.58,73.47,4.38,32.95,10.92,11.62,12.69,24.38,5.69,61.54,64.5,56.8,39.67,66.55,7.31,33.33,11.15,
Cal State-Fullerton,68.14,62.86,73.43,41.5,66.42,8,36.72,11.21,11.29,12.5,24.29,5.93,66.07,72.86,59.29,41.96,71.59,6.71,31.23,11.14,
Cal State-Northridge,67.54,58.5,82,42.31,71.43,6.15,32.39,10.69,11.23,11.38,25.46,6,66.08,67.25,64.2,39.71,76.76,6.85,30.9,10.62,
California,59.47,60,59.27,41.35,74.44,4.33,27.66,9.4,8.4,14.33,23.47,4.53,66.4,68.75,65.55,43.54,73.46,6.07,30.23,12.53,
Campbell,68.43,65,71,46.17,70.11,6.57,32.74,12.79,7.93,13.29,23.57,7.5,68.5,69.67,67.63,46.24,69.83,7.79,35.16,12.71,
Canisius,69,68.86,69.2,39.3,69.88,8.83,32.62,14.17,13.17,13.42,22.33,5.25,78.25,82.71,72,49.09,72.38,6.92,39.34,14.92,
Central Arkansas,73.27,68.5,78.71,40.97,72.6,8.8,31.96,12.13,12.4,14.8,26.2,6.07,80.6,88.38,71.71,46.51,68.83,7.8,34.93,15.2,
Central Connecticut State,64.56,66.6,61.17,41.6,70.83,7.63,33.42,12.38,9.19,12.5,23.13,7.19,71.81,78.4,60.83,46.38,74.4,8.06,36.24,15.63,
Central Florida,69.5,64.67,70.82,42.96,73.3,8.21,35.49,13.36,12.71,13.86,24.36,7.07,60.43,60.67,60.36,38.76,70.23,6.79,30.45,11.21,
Central Michigan,68.93,63,73.38,42.23,71.8,6,27.63,11.5,11.93,15.29,25.93,6.07,69,75.33,64.25,41.55,64.26,7.5,30.17,13.29,
Charleston Southern,72,67.86,77.8,41.98,75.24,8.08,32.33,12.17,13,12.42,23.42,4.75,76.92,81.57,70.4,47.38,73.83,8.08,37.89,13.67,
Charlotte,69.64,66.6,71.33,48.45,74.23,7.93,38.14,14.5,7.21,11.07,23.86,6.79,60.57,64.6,58.33,40.81,71.74,8,37.21,10.21,
Chattanooga,79.6,74.25,85.71,46.29,71.07,12.33,39.11,16.87,10.6,12.6,27.93,6.07,68,71.5,64,40.83,78.53,7.87,32.87,12.2,
Chicago State,64.76,62,77.67,40.21,74.11,7.06,31.33,10.53,11.47,14.53,22.71,5.47,73.53,75.5,64.33,45.54,70.22,6.59,32.94,13.82,
Cincinnati,79.6,68.33,82.42,46.43,68.82,8.6,34.77,15.33,10.87,10.6,25.8,6.93,69.2,78.33,66.92,42.6,76.38,6.4,32.54,13.47,
Clemson,75.93,69.4,79.56,47.16,78.35,8.43,38.82,15.86,7.57,11,27.07,5.5,66.29,63.6,67.78,40.03,73.58,7.79,31.96,10.79,
Cleveland State,67.47,61.5,74.29,44.19,68.16,5.13,29.39,12.93,11.53,10.67,22.67,6.67,65,65.75,64.14,41.31,70.75,6.8,30.45,12.27,
Coastal Carolina,77.38,72.6,80.38,46.23,78.57,6.38,31.44,13.46,11.69,12.85,26.92,7.15,68.15,81.2,60,40.15,71.52,8.92,33.82,13,
Colgate,80.47,79.7,82,51.29,70.14,9.33,41.54,17.6,8.53,11.4,24.67,6.67,72.8,71.7,75,48.06,66.15,8.07,37.93,14.07,
College of Charleston,80.47,78.2,81.6,44.42,74.43,10.13,33.7,13,13.4,13.4,26,7.4,70.47,72.8,69.3,44.63,67.09,6.67,34.25,11.93,
Colorado,76.13,73.13,79.57,45.88,65.2,6.87,32.49,14,11.67,13.2,26.6,8.27,69.93,72.63,66.86,42.55,70.77,7.07,34.53,10.47,
Colorado State,75.33,69,78.5,49.46,72.03,8,36.7,17.67,5.27,10.2,25.53,6.8,69.8,73.6,67.9,43.72,70.51,9.6,38.1,11.13,
Columbia,68,61.29,73.88,40.75,69.92,8,33.8,12.27,11.33,14.73,25.4,7.27,69.07,73.14,65.5,43.17,65.53,7.8,32.68,15.4,
Connecticut,82.27,76.2,85.3,47.58,74.75,9.87,36.54,19.07,11.8,12.67,27.2,7.73,60.73,61.8,60.2,39.44,72.64,3.73,26.79,8.07,
Coppin State,74.41,71.43,88.33,44.19,71.64,8.59,33.26,10.71,6.59,14.71,24.18,8.18,87.12,88.21,82,47.28,71.39,9.65,34.82,18.47,
Cornell,84,80.63,88.5,48.66,70.41,11.71,36.85,20,11,12.64,25.71,10,71.71,76.75,65,44.57,69.83,7.64,32.72,15.14,
Creighton,77.13,73,79.2,47.19,71.37,9.33,36.27,16.73,8.2,11.87,29.13,5.67,67.47,76.4,63,42.74,69.48,6.2,32.86,12.87,
Dartmouth,68.53,62,78.33,42.58,67.8,8.13,31.2,13.13,8.87,15.6,27.67,5.87,67.93,71.22,63,41.78,71.19,5.93,30.8,10.4,
Davidson,71.57,70.6,72.11,44.12,71.8,6.64,32.86,13.64,8.21,11.5,26.29,5.5,69.79,73.4,67.78,41.94,66.38,6.64,28.88,11.64,
Dayton,67.13,58.83,72.67,45.18,68.98,5.73,30.39,14.33,10.87,13.87,28.8,4.47,58.53,60.5,57.22,37.6,65.63,6.27,26.93,10.2,
Delaware,70.67,67.6,72.2,44.29,70.41,6.73,31.27,12.47,9.13,10.93,24.27,6.6,70.73,76.2,68,45.31,71.62,7.33,36.79,14.2,
Delaware State,61.38,58.33,68.25,41.1,66.27,5.69,33.79,11.85,10.46,16,23,6.46,75.23,78.11,68.75,46.34,68.9,9.62,39.06,15.85,
Denver,75.63,72.63,78.63,50.35,68.81,4.31,33.33,11.31,8.88,15.31,26.5,5.44,74.56,76.63,72.5,45.18,76.62,7.25,30.53,14.19,
DePaul,71.87,62.86,79.75,41.03,79.03,8.73,35.5,13.13,9.93,13.8,23.8,7.13,75.4,72.71,77.75,45.12,68.79,7.4,35.81,13.73,
Detroit,74,70.2,81.6,41.65,74.35,10.13,37.44,11.33,13.07,12.27,23.73,5.73,75.6,80.3,66.2,45.43,77.06,8.67,36.62,13.73,
Dixie State,77.07,70.75,84.29,45.29,70.51,8.47,37.03,14.33,11.07,14,25.33,7.8,69.87,78.25,60.29,45.17,74.52,7.13,32.62,13.67,
Drake,73.47,63.5,80.11,45.63,76.26,7.47,34.04,13.27,8.2,11,27.4,5.93,64,68.67,60.89,40.19,72.08,6.33,29.32,9.47,
Drexel,66.36,58.6,70.67,41.94,67.72,7.79,31.69,11.79,11.79,11.14,24.57,6.21,60.86,60.4,61.11,42.47,69.7,5.5,31.95,10.71,
Duke,73.86,63,79.89,44.38,78.46,7.07,32.46,14.5,13.43,11.71,25.79,6.43,60.86,68,56.89,40.59,77.78,5.36,27.78,11.07,
Duquesne,74.93,64.67,77.5,44.07,68.64,8.67,36.62,15,13.67,11.53,23.73,7.47,70.07,75.33,68.75,43.27,71.43,6.93,35.74,13.27,
East Carolina,71.87,68,74.44,41.98,67.82,8,32.52,13.73,12.6,12.67,25.53,6.67,67.93,69,67.22,42.21,67.94,6.13,31.72,10.93,
East Tennessee State,70.67,61.83,76.56,45.84,65.32,6.27,31.02,13.53,11.67,13.8,24.2,6.73,67.8,64.17,70.22,43.48,72.57,7.53,29.97,12.87,
Eastern Illinois,69.4,63.86,74.25,43.7,62.31,5,30,13.67,9.4,13.8,24.67,9.13,68.73,73.57,64.5,41.42,67.01,8,32.26,13.8,
Eastern Kentucky,81.07,66,91.11,43.4,62.32,10.4,37.14,16.27,13.87,13.33,26.33,10,74.33,78.67,71.44,42.76,73.38,7.93,33.33,14.93,
Eastern Michigan,74.08,75.75,71.4,44.33,74.67,7,35.83,10.08,9,11.31,22.38,6.85,80.77,83.25,76.8,49.4,67.45,8.23,34.41,12.08,
Eastern Washington,73.27,68.33,80.67,45.74,74.29,8.2,33.24,14.4,10.4,14.8,27.47,5.8,69.73,74.22,63,42.17,73.26,8.33,33.33,11.93,
Elon,66.53,61.44,74.17,41.5,69.7,7.07,29.69,12.47,8.73,12.53,24.4,7,73,74.22,71.17,45.3,69.48,8.13,33.06,14.27,
Evansville,62,60.88,63.29,38.7,64.96,5.8,29.49,10.2,9.4,11.87,25.07,6.07,72.33,74,70.43,45.38,76.92,8.6,37.83,14.07,
Fairfield,64.79,61.88,68.67,40.16,70.61,6.43,28.57,9.57,10.36,12.14,24.71,5.5,64.36,67.63,60,43.26,68.53,5.29,31.22,10,
Fairleigh Dickinson,77.88,74.33,82.43,44.5,73.03,8.06,31.85,14.56,12.31,12.38,22.63,8.75,76.56,82.22,69.29,48.08,72.04,8.13,33.94,14.88,
Florida,75.08,68,78.22,45.05,74.9,6.69,34.12,12,8.62,11.54,27.54,6.54,66.69,75.5,62.78,41.15,69.68,6.54,34.98,11.85,
Florida A&M,55.83,53.67,62.33,36.52,68.04,4.67,28.87,8.58,11.08,16.67,21.58,6.58,74.83,79.89,59.67,45.93,66.67,7.5,36,14,
Florida Atlantic,78.54,73.4,81.75,48.11,67.17,9.54,37.24,16.15,11,12.31,29,7.31,61.15,65.8,58.25,38.99,70.44,5.23,27.98,7.69,
Florida Gulf Coast,73.27,67.86,78,43.76,74.35,9.4,35.34,13.4,10.87,12.07,25.93,6.93,67.27,70.86,64.13,41.76,64.44,7.67,33.53,12.4,
Florida International,73.38,61.6,80.75,47.53,63.89,6.46,29.89,13.31,8.85,16.38,24.54,9.31,75.46,80.6,72.25,44.09,75,9.85,38.21,14.08,
Florida State,68.6,59.83,74.44,42.46,73.78,6.13,34.07,13.07,9.27,12.8,22.93,6.33,74.07,73.5,74.44,43.72,73.59,7.73,34.52,15.07,
Fordham,73.5,71.5,73.83,43.57,76.05,8.29,33.72,13.29,9.21,14.57,27.71,7.07,66.86,82,64.33,40.5,74.79,6,32.31,11.43,
Fresno State,61.43,60.5,62.67,42.45,73.63,5.86,27.61,11.36,7.93,12.64,23.43,6.36,61.86,63.5,59.67,41.39,74.34,6.57,32.74,9.93,
Furman,81.73,71.5,88.56,49.73,72.15,9.8,34.83,19.47,9.2,13.13,25.53,8.27,72.6,74.5,71.33,46.57,67.86,8.2,37.5,13.4,
Gardner-Webb,73.79,63.44,92.4,47.39,65.85,6.36,32.6,13.71,11.36,13.86,26.64,7.64,63.64,64.11,62.8,37.8,72.73,6.5,32.04,10.5,
George Mason,70.86,63.67,72.82,46.85,62.4,8.36,36.56,14.79,9.71,14.21,27.79,4.07,66.29,68,65.82,40.72,66.02,5.93,27.85,9.5,
George Washington,76,77.4,75.22,48.39,73.84,7.57,32.62,12.93,8.36,12.57,25,5.5,72.21,81,67.33,44.33,62.9,8.14,32.95,15,
Georgetown University,73.47,69.5,74.91,44,71.07,5.93,32.6,11.87,11.8,12.47,25.47,6.07,77.67,82.25,76,44.96,74.12,9.87,36.63,16.87,
Georgia,71.31,71.33,71.3,43.81,73.75,7.08,34.2,12.77,12.08,14.38,26.31,6.92,64,71,61.9,41.5,72.51,6,29,12.23,
Georgia Southern,68.07,65,70.75,44.42,67.28,5.8,27.97,10.6,10.53,11.67,25.6,8.33,62.73,69.29,57,42.05,68.03,6.87,32.49,11.6,
Georgia State,67.57,55,69.67,41.31,73.88,5.07,27.73,10.93,12.21,12.29,24.07,5.71,63,69,62,40.41,67.38,6.64,34.7,11.36,
Georgia Tech,71.23,61.4,77.38,43.62,70.05,6.46,32.56,12.85,10.69,11.08,25.31,6.77,68.62,73,65.88,41.97,64.34,5.46,27.95,14.46,
Gonzaga,86.87,68.5,89.69,52.57,70.75,7.53,37.92,16.87,10.13,12.53,28.13,8.07,72.6,78.5,71.69,43.69,74.39,7.33,31.7,11.93,
Grambling State,67.08,57.14,78.67,43.69,63.49,5.23,33.66,13.15,11.62,15.46,26,8.15,62.46,69.71,54,37.75,65.7,7.23,29.75,12.08,
Grand Canyon,71.64,53.25,79,43.2,70.63,8.07,33.14,12.79,11.86,10.79,28.29,5.57,60.21,58,61.1,37.65,70.59,5.93,29.43,9.21,
Hampton,67.38,66.4,70.67,38.1,65.63,7.77,33.78,11.23,10.69,12.69,24.08,4.23,81.15,84.3,70.67,47.08,69.18,9.23,40.13,16.31,
Hartford,63.53,54.5,69.56,41.85,67.39,6.67,31.25,12.93,9.33,13.8,24.6,6.53,68.67,80.83,60.56,43.2,72.82,8.8,36.57,15.27,
Harvard,67.13,68.67,64.83,44.17,63.12,6.07,28.17,13.13,10.93,14.33,26,7.87,64.47,64.67,64.17,41.13,70.62,6.8,31.1,10.8,
Hawaii,68.36,71,67.64,44.66,71.6,6.57,33.33,11.93,9.93,12,25.07,5.36,59.71,65.67,58.09,39.77,73.66,4.21,27.57,6.93,
High Point,80.79,70.83,88.25,44.33,64.56,7.57,33.02,12.07,12.71,13.86,28.5,6.5,77.86,76.5,78.88,40.9,69.93,8,29.63,16.07,
Hofstra,73.73,72.56,75.5,46.46,74.88,8.73,36.19,13.73,6.8,11.67,24.93,5.73,72.67,74.22,70.33,44.2,69.48,7.47,33.94,13.6,
Holy Cross,66.47,62.57,69.88,43.74,64.08,6.87,35.76,12.13,8.27,12.93,24.73,7.33,71.07,73.71,68.75,43.73,69.96,6.73,32.17,12.87,
Houston,75,76.25,74.55,47.14,71.11,7.27,34.28,14.6,13.4,10.2,26.4,8.67,50.87,55.5,49.18,33.25,68.35,5.67,23.61,8.73,
Houston Baptist,80.71,65,92.5,47.73,67.87,8.5,37.19,16,11.14,16.71,23.64,6.93,85.79,91.83,81.25,51.73,72.04,7.43,35.49,16.43,
Howard,69.13,63.22,76.71,43.63,71.79,6.44,32.59,12.81,10.5,16,23.13,7.5,73.63,77,69.29,45.69,69.55,8.44,36.19,13.69,
Idaho,76.67,69.38,85,48.68,75,8.13,36.42,13.4,8.13,11.67,24.47,5.87,68.33,75.5,60.14,44.55,71.63,6.33,37.7,10.47,
Idaho State,70.27,66.14,73.88,43.11,74.9,8.73,34.38,12.13,8.33,12.4,24.87,6.33,69.27,73,66,43.02,75.79,5.53,29.96,11.27,
Illinois,78.08,75.5,78.55,46.54,65.77,9.08,32.96,14.31,12.54,15.23,27.15,8.23,63.69,74.5,61.73,39.34,70.64,6.15,32.65,11.38,
Illinois State,66.2,60.13,73.14,42.52,79.13,7.33,32.93,10.8,9.4,14.73,25,5.53,68.27,67,69.71,43.42,70.42,6.13,32.39,11.53,
Incarnate Word,69.5,61.13,80.67,43.14,72.98,6.29,34.78,12.14,10,14.36,23.71,8.71,71.21,77,63.5,45.86,67.57,7.29,33.66,14.71,
Indiana,80.08,63.67,85,50.71,69.62,7.08,36.51,17.31,9.23,12.46,27.92,7.23,65.31,75.33,62.3,39.74,68.45,7.38,32.54,11.62,
Indiana State,81.2,81,81.33,47.6,75.19,9.8,33.72,16.07,7.6,12.33,27.67,7.6,70.07,73.83,67.56,41.94,70.65,6.67,32.79,8.93,
Iona,77.43,76.43,78.43,46.59,75.23,6.93,34.15,15.71,10.57,11.07,24.57,7.64,66.29,70.71,61.86,41.32,69.82,5.5,29.62,12.57,
Iowa,81.07,69,90.13,44.61,71.61,7.57,31.74,16.93,12.57,9.93,26.93,6.64,71.36,73.33,69.88,44.41,73.78,6.57,31.83,13.36,
Iowa State,71.42,63.33,74.11,46.44,68.68,6.67,33.61,16.58,11.17,13,21.67,10.83,57.33,75,51.44,38.45,73.15,7,30.11,10,
IUPUI,60.47,60.4,60.6,43.47,71.5,4.13,26.84,9.73,8.4,16.2,21.93,6.07,71.27,76.4,61,46.11,75.1,7.07,33.97,13.53,
Jackson State,66.14,66.14,0,41.07,63.41,6.57,31.51,13.14,12.71,17.64,22.86,7.5,81.36,81.36,0,49.06,75.67,9.29,37.36,16.57,
Jacksonville,65.62,58.63,76.8,46.02,72.61,7.92,36.65,15.46,8.38,12.62,27.08,6.23,58.92,65.38,48.6,38.71,67.32,7.46,28.61,11.31,
Jacksonville State,71.8,64.33,83,44.16,68.97,9.4,38.95,12.87,10.6,12.73,24.8,6.2,71,77.78,60.83,43.17,74.27,9.33,36.55,14.27,
James Madison,89.73,80,104.33,50,69.45,8.6,37.94,14.73,13,14,27.53,11.6,65.27,69,59.67,39.73,64.84,7.07,29.36,11.07,
Kansas,77.86,73.8,80.11,48.21,68.6,8,37.58,18.43,11,12.36,26.71,9.5,65.07,69,62.89,39.95,69.92,7.29,32.18,10.64,
Kansas State,78.5,81,77.82,47.52,72.91,6.93,35.02,18.79,10.93,13.36,24.43,8.07,64.93,77.67,61.45,42.37,65.36,5.86,31.54,11.79,
Kennesaw State,72.87,66,83.17,43.82,63.29,9,37.19,14.2,9.93,13.33,25.33,9.33,66.73,73,57.33,42.18,68.61,6.2,31.42,10.2,
Kent State,75.14,64,86.29,44.09,77.83,8.5,34.39,12.71,9.43,12.29,25.29,10.36,61.64,60,63.29,38.06,68.46,6.57,30.87,10.86,
Kentucky,78.64,74.25,80.4,47.33,66.54,8,39.02,17.86,13.71,11.93,25.71,7.29,66.5,83,59.9,41.48,72.44,6.86,33.92,11.07,
La Salle,68.14,69.14,67.14,41.38,68.83,7.07,32.78,11.86,10.07,13.21,24.43,7.64,73.21,77.14,69.29,45.36,73.26,7.29,35.79,13.64,
Lafayette,61.07,63.6,56,40.54,65.9,9.47,33.26,15.6,7.6,11.8,21.93,5.67,68.27,70.1,64.6,45.49,71.26,8.13,35.88,13.33,
Lamar,68.54,63.67,72.71,42.82,66.05,5.31,26.64,15.23,12.77,14.08,23.38,7.69,77,82.33,72.43,46.38,64.02,10.31,34.9,18.54,
League Average,72.49,66.73,77.27,44.62,70.61,7.53,34.05,13.64,10.37,13.03,25.41,6.93,68.92,64.9,73.75,42.85,70.41,7.17,32.97,12.66,
Lehigh,70.85,66.29,76.17,43.84,70.41,8.23,36.27,13.69,7.92,13.31,28.62,6.77,73.08,80.29,64.67,44.33,66.82,7.62,35.48,12.77,
Liberty,76.2,62.75,81.09,48.26,73.56,12.27,40.89,18.27,7.73,11.2,25.13,7.07,59.73,74.5,54.36,40.99,73.57,6.47,35.02,9.67,
Lindenwood,65.92,62.1,78.67,40.59,71.13,6.85,31.34,11.31,9.08,14.46,26.15,7.15,73.31,77.1,60.67,42.73,71.91,8.31,30.77,15.08,
Lipscomb,75.93,69.5,83.29,47.48,70.22,7.67,33.14,13.67,10.27,12.53,26.67,5.67,70.8,74.63,66.43,43.19,73.09,7.93,34.59,10.93,
LIU,67.93,61.57,74.29,42.3,62.11,5.43,32.62,13.64,10.07,16.93,24.43,6.71,82.5,93.14,71.86,48.38,66.67,7.5,33.33,18.07,
Long Beach State,75.43,75.6,75.33,46,63.57,4.57,30.92,14.79,12.64,13.86,28,8.21,72.5,81.8,67.33,40.86,74.02,8.93,32.3,14.71,
Longwood,78.8,66.75,92.57,46.61,74.4,8.4,37.72,14.13,11.8,11.93,24.73,6.93,67.2,66,68.57,41.94,70.92,8.53,34.13,13.13,
Louisiana Tech,77.71,69.71,85.71,46.1,71.89,9.21,35.05,14.64,11.21,14.64,24.29,9.21,68.21,75.57,60.86,43.45,68.66,8.29,35.91,14.14,
Louisiana-Lafayette,81.64,74,95.4,48.78,71,8.14,38.51,16.29,11.14,12.79,26.29,6.79,72.43,75.56,66.8,43.54,75.43,6.5,33.21,11.64,
Louisiana-Monroe,71.6,62.75,81.71,43.38,69.59,7.2,35.06,14.87,12.13,14.2,23.6,8.53,69.67,76.88,61.43,43.26,75.56,7.8,33.43,13.93,
Louisville,62,59.2,63.4,40.69,72.6,5.87,32,8.93,8.6,16.73,23.6,5.53,74.07,79.6,71.3,46.89,68.63,7.2,33.96,14,
Loyola Marymount,76.88,74.14,79,45.46,65.95,9.63,35.24,12.75,10.69,12.5,26.94,6.13,70,75.14,66,43.17,69.44,6.19,30.84,12.19,
Loyola-Chicago,69.08,63.25,71.67,47.91,70.05,7.38,33.68,13.77,8.77,16.46,24.46,6,69.85,71,69.33,43.42,75.28,6.69,32.46,11.31,
Loyola-Maryland,66.07,58.88,74.29,44.42,64.29,7.67,35.28,14.47,9.2,14.87,21.53,8,70.33,69.5,71.29,48.25,70.56,6.93,36.24,14.27,
LSU,71.93,67.67,73.09,46.02,69.35,7.64,35.79,13.86,9.64,12.43,24.93,8.07,64.14,64.33,64.09,42.3,68.45,6.21,28.25,11.43,
Maine,70.54,62,89.75,46.86,71.34,6.85,32.6,14.31,8.54,12.77,23.85,9.69,68.46,70.44,64,45.87,68.79,7.15,33.94,13,
Manhattan,69.62,66.33,72.43,44.02,65.42,7.92,34.68,12.62,8.54,14.31,22.77,7.77,73.77,76,71.86,45.26,68.62,8.23,36.39,14.54,
Marist,62.83,59.6,65.14,39.36,65.7,8.42,32.06,11.08,9.33,12.75,25.92,6.92,66.58,67.6,65.86,41.43,71.43,8.58,38.58,10.92,
Marquette,82.38,82.2,82.45,49.8,69.64,8.81,34.81,17.88,9,11.44,24.19,9.19,70.88,78.6,67.36,43.63,67.88,7.88,34.24,14.56,
Marshall,82.13,79,83.7,46.72,62.25,8.07,32.79,19.27,15.2,12.07,28.4,9.13,68.53,71.6,67,40.29,63.68,7.4,31.27,12.47,
Maryland,72.79,73.4,72.44,45.03,70.49,7.14,30.77,11.07,9.79,11.93,26.79,5.21,63.21,67.2,61,39.68,69.36,5.14,28.24,10,
Maryland-Eastern Shore,66.17,59.38,79.75,41.46,72.02,7.92,34.8,12.92,9.42,14.25,22.5,9.83,69,76.38,54.25,44.63,73.85,7.08,32.44,13.25,
McNeese State,64.29,58.33,75,41.96,55.67,8.14,32.76,11.07,12.21,16.5,22.71,8.86,74.14,75.89,71,46.55,63.7,9.86,37.81,18.57,
Memphis,78.67,81.33,76.89,47.01,72.05,5.47,32.54,16.27,11.4,13.67,25.27,9.67,71,81.17,64.22,38.98,74.3,8.07,31.84,13.6,
Mercer,74.87,73.57,76,49.06,71.37,6.67,37.45,16.53,9.47,11.93,24.8,5.73,70.2,76.14,65,43.04,74.58,6.87,34.68,12.13,
Merrimack,56.5,55.3,58.5,38.19,71.59,6.69,27.51,10.5,5.63,15.31,20.63,10.44,64.94,71.2,54.5,42.87,78.32,6.5,30.95,14.75,
Miami,77.86,74,78.91,48.27,75.53,7.21,33.55,15.14,11,11.29,23.71,8,67.79,60.67,69.73,42.77,73.08,7.07,31.63,13.36,
Miami-Ohio,75,65.8,80.11,43.76,80.08,9.07,34.79,14.07,10.14,14.29,22.71,7.36,74.21,80.2,70.89,46.42,74.1,8.07,36.57,14.36,
Michigan,76.31,79.75,74.78,45.2,68.13,7.69,34.97,13.08,8.77,9.62,28.31,5.54,69.38,75.5,66.67,41.8,65.35,7.08,31.62,12.15,
Michigan State,71.21,65,73.7,44.7,73.53,7.5,37.5,16.93,9.93,10.93,28.21,5,65.79,67.25,65.2,40.15,69.51,7.29,30.09,12.93,
Middle Tennessee,71.14,67.29,75,45.41,66.53,6.36,30.38,11.64,11.86,13.43,23.07,8.14,65.71,72,59.43,44.49,74.5,6.79,36.54,11.57,
Minnesota,63.15,62.25,63.56,42.69,58.97,6.69,33.08,13.77,10,13.92,25.54,4.92,66.46,72.5,63.78,41.52,72.33,7.15,33.94,13.08,
Ole Miss,68.64,61.5,71.5,43.47,68,5.64,29.37,12.36,12.93,13.36,25.29,7.79,64.93,69.75,63,41.09,72.81,6.21,34.12,13.21,
Mississippi State,67.07,61,70.44,42.05,63.22,6.57,30.56,15.21,13.5,12.64,25.14,9.93,56.86,61,54.56,38.87,71.03,7.36,31.12,12.64,
Mississippi Valley State,53.33,51.77,63.5,37.05,63.32,4.27,32.99,8.27,10.07,17.33,21.67,6.33,76.73,77.15,74,45.9,68.99,9.27,35.1,15.93,
Missouri,88.77,83,90.5,51.14,75.11,10,37.14,19.62,10.54,12.31,22.38,12.46,74.69,73.67,75,43.59,74,9.23,36.04,13.69,
Missouri State,65.36,66,64.71,44.07,58.97,8.29,33.62,11.79,10,12.21,24.43,7,61.21,66,56.43,41.81,66.51,6.29,32.47,10.64,
Monmouth,59.36,62.67,53.4,39.18,62.26,4.5,27.75,11.5,10.93,16.79,20.43,8,81.36,85.56,73.8,50,70.75,9.71,40.12,15.43,
Montana,69.14,65.67,71.75,45.23,77.46,7.5,35.12,11.43,7.57,11.57,23.57,4.86,69.21,76.67,63.63,44.34,76.54,5.64,29.81,11.29,
Montana State,76.6,65.63,89.14,47.4,72.26,7.87,34.4,14.4,9.27,12.8,26.33,6.73,68.4,73,63.14,41.71,75.35,7,32.41,8.87,
Morehead State,70.93,59.75,83.71,42.34,74.29,7.07,31.18,13.4,10.4,13,27.2,6.07,68.2,76.38,58.86,44.38,68.92,5.07,27.34,10.8,
Morgan State,79.83,67.57,97,47.21,68.78,7,38.18,16.83,12.58,15.75,22.67,12.25,72.25,80.71,60.4,42.94,67.56,6.25,29.64,14.5,
Mount St. Mary's,64.07,66.5,59.2,41.69,72.35,6.8,35.05,13.73,10.47,13.8,24.13,6.4,65,69.8,55.4,42.28,66.94,6.73,33.55,11.27,
Murray State,71.36,72.38,70,44.85,71.38,6.29,31.54,12.57,9.64,11.29,27.21,5.36,68.64,72.75,63.17,42.09,69.71,7,29.34,13.07,
Navy,72.57,69.13,77.17,46.87,71.35,9.29,40.37,15.57,10.21,12.64,24.64,6.07,69.86,72.75,66,44.39,66.97,8.43,34.6,13.79,
Nebraska,67.27,58.5,73.11,44.01,63.45,6.27,29.28,13.53,11,13,27.07,5.93,65.4,70.33,62.11,41.16,62.13,8.13,32.11,15.33,
Nebraska-Omaha,68.87,58.14,78.25,44.55,79.18,5.8,33.46,12.87,8.07,13.67,22.73,6.4,77,81.86,72.75,47.51,73.91,8.6,38.05,14.87,
Nevada,73.2,71.57,74.63,43.35,79.21,7.87,35.01,14,7.6,10.53,27.47,5.53,65.07,70.43,60.38,39.51,71.54,7.13,31.94,11.53,
New Hampshire,67.08,58.57,77,39.51,73.02,8.92,36.02,12.38,11.38,10.46,27.08,5.54,64,66.14,61.5,40.08,69.71,6,29.21,9.85,
New Mexico,83,72.6,88.2,48.83,73.56,6,36.44,15.53,10.13,11.8,29.07,7.67,68.53,67.6,69,41.04,65.4,7.6,32.57,13.2,
New Mexico State,77.21,71,80.67,45.66,69.14,8.36,35.45,13.5,10.64,12.29,26.93,7.71,67.79,70,66.56,39.98,70.68,8.21,31.68,11.71,
New Orleans,68.67,62.5,74.83,43.43,69.57,6.33,39.18,14.58,8.92,18.42,20.75,6.67,82.58,91,74.17,51.39,71,8.17,37.69,14.83,
Niagara,64.62,59.29,70.83,44.24,71.65,6.69,36.1,12,8.38,11.85,23.85,4.69,64.38,68.71,59.33,42.11,70.72,5.54,33.64,9.08,
Nicholls State,77.85,68.71,88.5,45.4,64.81,7.77,33.33,15.31,11.15,15.15,24.08,10.62,73.31,83.43,61.5,43.98,67.31,6.31,28.77,14.92,
NJIT,63.93,64.63,63,41.07,65.04,6.57,32.86,12.5,8.93,12,24.86,6.14,68.93,74.38,61.67,43.54,67.09,6.71,32.19,12.29,
Norfolk State,74.43,65.75,86,46.9,71.01,7.21,32.69,13.93,10.79,12,24.07,6.64,70,76.75,61,41.79,63.81,9.79,36.34,15.43,
North Alabama,75.13,69.44,83.67,46.71,67.62,7.53,38.18,12.73,9.4,12.27,26.87,6.13,70.4,77.11,60.33,43.64,65.81,7.27,36.21,12.53,
North Carolina,80.93,77.67,83.38,45.74,73.9,6.43,30.82,12.93,10.64,11.64,29.57,5.93,74.64,81.17,69.75,43.12,67.94,8.07,33.83,13.21,
North Carolina A&T,71.73,63.63,81,42.81,69.71,9.33,35.53,12.07,8.67,12.4,25.2,7.47,73.2,82,63.14,45.34,67.13,6.53,31.92,13.73,
North Carolina Central,79.46,68.71,92,48.55,72.86,8.62,41.64,16.38,9.62,13.77,24.69,9,67.31,77.14,55.83,44.77,62.45,6.77,30.66,14.38,
NC State,79.53,72.25,82.18,45.33,71.22,9.07,35.23,14.67,11.6,10.87,26.33,8.87,68.27,70.75,67.36,43.02,69.26,6.07,31.6,11.93,
North Dakota,70.5,63.43,77.57,45.95,65.61,8.29,35.91,12.93,10,14.21,24.86,4.71,71.57,75.71,67.43,45.36,68.14,6.86,34.29,10.86,
North Dakota State,70.64,64.67,81.4,42.93,67.83,7.86,30.9,10.86,8.79,12.64,26.71,4.14,76.79,79.11,72.6,46.34,75.67,6.43,33.83,12.43,
North Florida,74.86,67,89,43.93,68.97,9.29,32.58,13.86,9.43,13.71,27,5.36,76.86,84.67,62.8,44.3,74.06,5.36,32.05,15.29,
North Texas,61.71,61.67,61.75,39.65,71.14,7.07,31.33,10,12.93,10.86,23.36,6.57,52.07,53.17,51.25,37.73,65.65,5.07,30.74,7.79,
Northeastern,65.46,63.5,68.6,41.15,62.44,7.38,32.11,13,11.54,14.38,25.46,5.77,69.77,74,63,43.38,68.98,5.38,31.53,11.08,
Northern Arizona,72.13,67.5,81.4,42.29,69.75,8.4,34.05,14.8,10.93,12.4,24.67,6,75.87,81.2,65.2,46.31,75.49,6.93,33.88,13.27,
Northern Colorado,72.21,70.25,74.83,42.82,77.66,8.93,35.71,11.57,7.57,13,24.64,4.21,80.5,85.13,74.33,47.59,74.73,6.79,33.69,13.21,
Northern Illinois,69.23,64.6,84.67,44.15,68.06,6.85,32.13,11,9.23,15.85,24.85,6.38,76.23,75.2,79.67,45.44,70.08,7.54,34.03,13.31,
Northern Iowa,69.64,65.5,72.75,45.49,66.54,7.14,33,11.29,8.57,12.93,24.93,7.14,66,67.67,64.75,43,70.22,8.79,33.24,11.71,
Northern Kentucky,66.33,53.75,70.91,42.47,63.95,7.2,33.75,13.27,11.47,12.67,21.93,9.4,63.47,64.75,63,43.42,65.47,8,39.09,13.93,
Northwestern,67.31,72.5,66.36,38.35,75,8.08,30.88,13.77,12,11.46,27.23,8.31,57,63,55.91,36.02,69.12,7.69,32.26,12.15,
Northwestern State,70.07,66.5,74.83,39.19,67.63,9.07,34.32,10.71,13.79,11.07,19.79,8.86,72.86,74.63,70.5,45.91,76.66,5.79,32.02,14.14,
Notre Dame,69.67,62,72.45,45.91,78.31,8.87,37.68,11.93,6.33,9.33,24.33,4.33,68.53,70.75,67.73,46.14,76.27,6.07,31.82,12.4,
Oakland,73.13,67.71,77.88,43.22,72.59,7.93,31.15,12.13,8.47,10.53,22.93,6.67,77.67,84,72.13,46.61,72.33,9.07,36.07,18.47,
Ohio,77.07,71.75,84.17,45.63,71.75,8.21,35.83,13.93,12.29,11.71,27.43,6.5,70.5,77.88,60.67,41.45,64.85,8.14,34.23,13.21,
Ohio State,81,77.4,83.25,49.25,73.04,7.62,37.5,14.46,12.54,11.62,28.31,4.77,64.46,73.6,58.75,39.6,70.31,5.77,27.37,11.38,
Oklahoma,69,68.5,69.22,50.3,71.5,7.15,39.41,14.15,6.08,12.62,25.54,5.69,61.38,60.75,61.67,42.4,72.57,4.85,26.81,9.38,
Oklahoma State,71,69.14,72.86,45.18,72.4,7.21,33.67,13.64,11.07,14.86,27.21,6.43,61.93,66,57.86,36.77,73.58,6.71,28.4,10.29,
Old Dominion,67.79,62.75,69.8,43.12,62.46,5,34.65,11.14,12.79,10.64,25.36,6.29,64.79,71.75,62,42.22,67.07,7.14,30.96,12.93,
Oral Roberts,85,75.86,93,46.76,76.47,11.27,37.31,15.93,9.47,10.4,28.07,7.33,72.53,76.71,68.88,41.53,72.17,9.4,37.2,11.67,
Oregon,70.14,63,71.33,45.27,66.18,6.71,30.32,13.29,11.86,13.21,26.14,5.57,65.07,69.5,64.33,40.78,76,7.57,32.62,12.07,
Oregon State,65.5,64.6,66,44.24,75.74,5.79,32.14,11.86,6.93,13.29,24.36,5.07,65.64,75.2,60.33,40.59,74.16,6.5,31.27,11.79,
Pacific,74.12,80.17,70.82,44.73,70.12,8.71,38.24,11.76,8.82,12.53,23.47,5.76,73.18,76,71.64,45.77,64.85,7.65,35.42,13.24,
Penn State,76,73.75,76.9,46.52,77.91,11,38.79,15.64,6.07,8.79,28.43,5.29,66,69.25,64.7,39.79,72.86,7.79,32.54,13.86,
Pennsylvania,74.2,66.57,80.88,45.85,74.79,8.4,34.9,15.6,10.27,13,26.87,5.6,72.73,75.29,70.5,42.28,68.11,8.67,32.83,13.2,
Pepperdine,78.53,71,82.3,47.04,69.51,8.87,38.11,15.33,9,14.67,29,5.8,76.27,88.8,70,42.86,69.69,6.93,32.81,13.6,
PFW,77.21,67.14,87.29,45.15,67.56,10.5,34.83,14.86,10.07,13.79,28.64,8,63.93,67.43,60.43,40.54,67.25,6.71,27.33,10.64,
Pittsburgh,75.27,76,74.9,45.08,73.52,8.67,34.03,14.8,11.47,13.07,27.93,5.67,67.73,69.2,67,41.09,65.63,7.07,29.94,12.87,
Portland,77.59,65.17,84.36,45.83,71.03,9.53,37.67,15.88,8.18,12.94,26.12,5.29,73.29,70.67,74.73,43.18,68.46,9.18,36.97,13.41,
Portland State,78.71,72.5,87,44.57,75.08,8,33.43,14.57,10.93,13.14,22.57,8.29,73.21,80.63,63.33,43.2,76.05,6.71,34.06,12.57,
Prairie View A&M,69.5,65.3,80,41.11,70.87,5.79,29.14,11.36,11.79,12.93,21.79,7.93,73.36,76.1,66.5,46.76,73.08,7.29,36.96,12.29,
Presbyterian,64.67,55.57,72.63,42.48,62.67,5.8,29.59,11.33,11.27,12.87,22.93,5.4,68.4,74.43,63.13,45.27,66.42,6.8,34.23,11.67,
Princeton,75.79,75.2,76.11,47.8,69.51,8.71,36.09,14.71,9.57,13.29,30,5.57,65.07,65.2,65,41.4,67.14,5.86,30.6,11.14,
Providence,80.2,71.83,85.78,47.52,72.83,6.07,33.96,15.07,12.87,13.33,27.27,8.07,67.73,66.83,68.33,41.88,76.17,6.33,33.1,10.87,
Purdue,76.29,77,76,45.52,74.92,7,30.53,15.43,12.93,10.36,28.29,4.71,60.86,66.25,58.7,38.86,72.67,6.5,28.35,11.86,
Queens,80.4,74.7,91.8,45.78,71.38,9.2,34.67,14.87,13,13.87,27.93,6.4,72.33,72.9,71.2,44.08,67.76,7.07,31.45,13.4,
Quinnipiac,73.4,74.86,72.13,44.31,62.84,8.07,36.23,13.6,12.27,13,27.07,6.8,68.13,71.86,64.88,41.14,70.85,7.27,30.88,12.07,
Radford,72.67,67.9,82.2,46.47,66.54,7.27,37.33,12.93,9.93,12.13,23.67,7.6,65.47,69.7,57,43.63,71.2,6.53,33.79,11.73,
Rhode Island,65.62,58.25,68.89,39.78,73.48,5.15,29.65,12.54,12.69,14.69,25.85,5.77,68.38,69.25,68,42.16,69.29,6.31,31.42,13.15,
Rice,83.38,71.6,90.75,49.74,74.05,9.38,36.09,18.62,8.69,13.85,29.15,6.15,73.08,84.6,65.88,44.73,65.28,7.85,34.23,13.46,
Richmond,69.57,67.33,71.25,44.42,69.41,9.29,36.41,13.21,7.36,12.14,27.14,6,64.64,70.83,60,41.04,67.3,7.36,31.21,11.36,
Rider,70.62,65.25,79.2,43.3,76.11,5.23,31.78,11.69,12.15,11.31,25.62,5.23,68.31,69.38,66.6,42.07,60.84,9.08,36.42,13.15,
Robert Morris,68.14,63.17,71.88,44.64,63.86,7.21,37.13,12.93,9.64,13.57,25.14,6.5,64.86,65.83,64.13,42.39,72.04,5.86,33.47,10.57,
Rutgers,72.5,64.5,75.7,44.25,72.8,5.64,31.35,15.86,12.5,12.21,26.79,10.14,55.21,67.75,50.2,36.28,66.82,5.71,24.92,10.43,
Sacramento State,67.64,64.44,73.4,44.47,69.16,7.57,36.55,13.43,10.86,14.79,25.57,5.21,67.64,70.11,63.2,44.79,70.62,5,31.96,12,
Sacred Heart,70.88,67.9,75.83,41.82,69.88,7.81,31.49,13.81,10.13,13.69,25.94,8.25,73,73.3,72.5,43.95,74.1,7.38,30.89,15.13,
Saint Joseph's,71.69,72.5,71.55,42.38,68.48,8.85,33.72,12.62,10,13.54,24.08,6.69,72.54,75,72.09,43.14,68.2,9.23,33.61,15.85,
Saint Louis,76.79,70.25,79.4,44.56,75.94,6.79,32.2,16.86,12.14,11.79,29.21,4.5,71.5,75,70.1,39.59,74.17,7.71,32.73,12.79,
St. Marys,70.41,64,72.38,45.81,64.51,7.88,37.64,12.88,11.06,11.59,26,7.53,58.24,59,58,39.91,74.43,5.12,31.87,7.35,
Saint Peter's,63.57,53.14,74,38.78,67.71,6.64,30.59,11.29,14.29,12.93,24.07,5.93,65.43,69.43,61.43,41.68,68.75,5.43,29.57,9.57,
Sam Houston State,78.93,66.11,102,47.2,67.54,9.43,38.82,15.43,13.93,12.93,25.86,10.29,55.29,61.67,43.8,37.07,71.37,6.86,29.18,10.57,
Samford,78.73,72.71,84,44.2,74.87,8.2,32.8,12.2,12.13,14.33,26.2,7.67,70.27,75.14,66,42.57,68.21,8.8,38.82,13.93,
San Diego,78.06,75.33,79.7,44.7,76.36,8.06,37.39,13.69,11,11.56,23.63,7.19,76.63,83.5,72.5,47.08,65.89,9.81,40.46,16.31,
San Diego State,75.21,70.25,77.2,45.56,72.47,7.64,35.91,13.57,10,13.36,25.64,8.86,64.79,71,62.3,41.51,73.52,6.86,30.19,10.79,
San Francisco,74.65,71.2,76.08,43.7,73.16,9.76,33.27,13.71,10.35,14.35,26.35,7.29,68.12,72.8,66.17,42.58,73.45,4.88,28.42,9.24,
San Jose State,69.44,70.43,68.67,45.79,67.44,7.56,34.38,13.25,11.13,12.5,27.94,3.25,65.63,70.71,61.67,39.87,77.73,7.19,34.02,11.31,
Santa Clara,73.35,80,72.47,43.03,73.57,8.24,35.26,14.06,11.35,13.41,28.24,5.88,68.71,86,66.4,41.97,69.63,8.29,34.39,14.12,
Seattle,76.57,72.86,80.29,41.96,69.05,9.5,32.84,13.36,12.43,12.71,26.71,6,68.93,74,63.86,42.37,70.14,6.43,31.25,11.86,
Seton Hall,69.38,62,72.73,43.72,67.86,5.75,30.07,12.13,11.44,15.19,25.56,7.5,65.19,74.6,60.91,41.1,70.49,5.75,29.39,12.88,
Siena,71.71,67.22,79.8,46.26,75.94,6.86,38.1,12.36,9.29,14.21,24.36,5.43,69.64,68.22,72.2,46.86,64.93,4.93,33.17,11.5,
South Alabama,69.57,66.9,76.25,44.77,66.67,7.29,31.58,11.5,7.43,10.14,25.36,5.79,67.79,70.6,60.75,43.31,68.61,5.57,33.33,11.79,
South Carolina,65.86,67.6,64.89,40.47,60.66,7.86,32.35,11.36,13.36,12.57,23.71,4.36,70.14,77.4,66.11,45.76,64.11,7.43,35.02,13.79,
South Carolina State,73.81,71.08,85.67,41.79,69.26,6.19,30.37,13.13,13.25,13.38,22,7.44,86.38,89.92,71,50.27,70.63,8.94,38.03,18.06,
South Dakota,69.47,55.33,78.89,42.82,76.35,9.47,40.8,12.47,9.93,13.47,24.87,4.73,72.87,73.17,72.67,44.34,73.81,7.67,34.53,12.4,
South Dakota State,67.07,61.56,75.33,42.59,81.03,7,31.82,10.53,6.27,14.87,25.93,5.07,72.2,74.22,69.17,44.53,73.66,8.4,33.33,13,
South Florida,71,73,70.2,44.21,62.66,7.14,33.33,13.36,12.43,12.5,24.36,7.07,68.21,72.75,66.4,41.9,74.57,7.29,33.55,12.29,
Southeast Missouri State,72.47,69.78,76.5,42.06,69.77,8.33,33.69,13.73,9.33,14,25.8,6.8,72.47,76.33,66.67,43.1,67.26,6.67,30.03,12.53,
Southeastern Louisiana,76.14,69.25,85.33,44.82,72.29,8.29,36.14,13.29,10.14,12.5,24.07,7.57,76.86,82.5,69.33,45.69,67.01,9.93,35.73,16.36,
Southern,73.57,68.33,105,43.35,69.04,8.21,34.95,15.29,8.5,15.21,23.36,9.29,75.64,77.58,64,45.54,71,7.36,31.99,16.21,
Southern Illinois,68.13,64,71.75,46.7,73.18,8.33,32.47,14.67,6.53,13.73,25.73,7.93,60.53,64.29,57.25,41,62.76,5.6,29.17,10.93,
Southern Illinois-Edwardsville,75.27,71.63,79.43,44.82,72.86,6.93,33.99,12.33,11.87,12.67,24.8,7.6,69,75,62.14,41.69,73.62,7.33,33.33,12.27,
Southern Indiana,77,71.75,83,44.74,67.59,10.07,40.16,14.47,11.73,14.87,25.53,9.2,72.73,81.75,62.43,43.93,71.75,7.93,32.25,12.07,
SMU,69.93,65,71.9,43.13,70.46,6.43,32.85,12.5,9.43,12.36,26.93,5.64,70.07,72.25,69.2,41.75,68.8,7.21,33.67,13.79,
Southern Mississippi,77.87,74.83,79.89,47.34,67.5,7.13,32.23,15.47,12.4,11.87,26.07,9.47,61.27,65.83,58.22,39.49,70.54,6.87,30.56,11.07,
Southern Utah,89.21,74.67,100.13,47.66,72.65,8.43,32.69,14.21,12.21,13.43,29.07,9.86,73,78.17,69.13,42.99,68.34,7.79,33.64,12.57,
St. Bonaventure,68.21,66,69.44,43.23,69.16,7.29,34.93,11.93,10.64,13.14,23.36,7,66.21,74.2,61.78,42.95,68.44,5.36,27.47,12,
St. Francis-Brooklyn,65.23,56.57,75.33,39.32,72.25,6,30.35,12.54,12,12.77,22.77,8.23,66.85,71.86,61,43.63,69.2,5.38,36.84,12.31,
St. Francis-Pennsylvania,73.53,65.29,80.75,45.61,70,8.07,38.29,14.13,8.87,12.6,24.53,4.87,76.33,87,67,47.72,67.77,6.8,33.77,14.6,
St. John's,79,70.5,81.83,45.92,68.75,6.19,31.83,16.25,13.5,13.56,27.56,9,72.31,79,70.08,43.15,69.66,7.56,32.88,14.25,
St. Thomas (MN),76.71,69.11,85.25,47.69,77.42,9.06,38.6,12.88,7.88,10.47,23.94,5.94,69.88,77,61.88,45.27,74.8,7.53,35.07,12.06,
Stanford,68.14,56,73,43.46,71.95,7.07,30.84,13.29,10.14,14,24.5,6.86,64.93,64,65.3,43.78,72.73,6.21,31.64,12,
Stephen F. Austin,77.8,70.14,84.5,48.54,73.65,6.73,39,16.67,11.33,16.27,23.13,9.4,66.4,69.43,63.75,43.24,69.9,6.4,32.21,13.93,
Stetson,74.85,68.78,88.5,45.89,73.17,9.77,37.24,14.62,11.54,10.46,23.38,5.92,71.23,76.22,60,43.6,75.25,7.69,36.1,13.54,
Stonehill College,70.31,67,84.67,44.48,76.64,8.31,35.85,11.88,5.75,13.5,24.44,7.56,75.75,75.92,75,45.03,69.21,8.94,36.95,14.31,
Stony Brook,63.71,56.44,76.8,40.99,72.51,8.14,32.48,11.64,7.57,13,26.93,5.14,69.21,72.89,62.6,41.7,71.82,10.07,34.31,14.86,
Syracuse,75.2,61.25,80.27,46.15,74.25,6.07,34.08,14.4,11,11.73,25.8,8.07,69.07,69.75,68.82,40.06,65.28,9.67,33.18,16.73,
Tarleton State,74.36,65.63,86,46.83,66.94,4.86,34.52,13.57,10.29,13.07,21.36,11.14,67.43,73.13,59.83,44.24,71.29,7.21,35.07,12.14,
TCU,78.08,79,77.91,45.38,70.55,5.62,29.2,16.92,13.23,11.54,26.38,9,61.23,73,59.09,38.86,62.96,5.69,28.68,11.77,
Temple,68.87,62,72.3,42.74,75.81,7.8,33.43,13.27,9.47,13.67,25.33,4.73,68.2,65.2,69.7,42.41,69.08,5.87,32.12,12.67,
Tennessee,74.71,65,78.6,43.59,71.71,8.14,33.83,17.86,14.29,13.93,26.64,10.43,53.21,58,51.3,33.69,72.24,4.71,21.22,8.57,
Tennessee State,79.86,60,87.8,46.27,71.66,8.29,33.92,14,10.07,11.86,25.14,6.07,74.64,72.75,75.4,45.12,73.38,8.71,36.97,12.93,
Tennessee Tech,70.4,61.63,80.43,42.11,70.05,8,32.88,14.07,11.2,13.33,25.4,7.13,73.6,78.5,68,43.4,78.08,9.13,35.22,16.4,
Tennessee-Martin,82.8,70.57,93.5,45.85,70.39,8.93,35.08,15.47,12.13,11.87,28.2,8.67,73.47,79.57,68.13,42.02,65.95,7.53,32.85,13.8,
Texas,84.14,70,85.23,49.83,72.51,7.86,34.38,17.79,10.86,11.43,25.86,8,66.5,69,66.31,42,70.43,6.71,32.87,11.43,
Texas A&M,75.69,76,75.6,44.78,74.05,6.62,32.45,13.85,12,12.85,23.85,8.31,68.62,66.67,69.2,41.12,72.76,8.85,36.05,13.69,
Texas A&M-Commerce,69.67,67.82,74.75,43.92,68.87,7.93,28.2,13.53,9.73,13.27,24,6.33,72.6,75.91,63.5,45.31,73.68,7.13,34.08,12.93,
Texas A&M-Corpus Christi,78.07,62.83,89.5,43.7,76.4,7.5,32.11,15.36,12.29,13.36,25.07,9.86,72.29,77.17,68.63,44.68,62.31,9.14,33.86,16.21,
Texas Southern,67.93,59.38,79.33,41.24,60.31,4.43,24.6,11.86,13,13.79,26.14,6.64,73.07,77.5,67.17,43.18,71.6,7.86,33.64,13.43,
Texas State,65.73,63.67,67.11,42.6,70.1,4.53,27.98,9.93,10.6,12.4,22.47,7.13,65.47,64.17,66.33,42.8,73.84,6.2,35.09,11.07,
Texas Tech,79.5,67.25,84.4,50.19,71.47,7.71,37.5,15.36,9.64,14.64,25.93,9.14,63.57,65.25,62.9,40.4,69.61,7.14,31.35,12,
Texas-Arlington,66.6,61.17,70.22,40.09,67.74,5.4,27.55,11.8,14.4,13.53,24.73,6.8,64,67,62,41.07,68.16,6.8,33.01,12.07,
The Citadel,70.71,66.67,73.75,42.93,78.22,7.86,32.74,12.71,8.07,12.36,26.71,5.14,74,81.33,68.5,41.42,73.03,8.14,31.93,13.43,
Toledo,84.86,80.75,90.33,48.71,75.27,8,37.58,14.21,10.79,10.86,24.64,6.93,80.21,81.25,78.83,46.06,77.42,8.93,38.94,13.79,
Towson,69.36,68.71,70,43.94,69.85,6.07,33.2,14,12.57,13.57,24.21,6.71,67.71,65,70.43,42.47,72.85,8.64,36.23,13.5,
Troy,76.53,67.56,90,45.41,70.44,8.2,33.06,14.53,11.4,12.73,22.87,9,65.4,67.89,61.67,43.25,74.02,5.8,30.85,10.8,
Tulane,79.85,77.5,80.27,45.67,80.87,7.38,32,15.54,7.08,10.38,25.92,8.31,72.69,81.5,71.09,41.86,73.22,8.62,36.48,15.46,
Tulsa,67.38,64.25,68.78,41.95,66.67,8,32.4,11.77,9.62,13.15,23.23,6.69,74.54,80.75,71.78,45.74,71.96,6.54,29.31,14.54,
UAB,86.57,79,88.64,47.26,75.14,7.29,35.29,16.86,13.79,13.43,28.07,8.57,69.21,73,68.18,40.3,68.24,6.93,31.6,12.29,
UC Davis,77.15,72.13,85.2,45.5,64.74,7.08,35.52,13.38,12.69,15.77,28.31,6.31,72.23,76.5,65.4,42.25,69.83,7.38,40.17,10.54,
UC Irvine,77.77,74.63,82.8,47.16,67.62,7.54,40.5,15.23,11.08,12.92,28.38,7.23,66,68.5,62,39.65,72.41,6.38,31.09,11.62,
UC Riverside,73.36,68.22,82.6,44.67,71.56,8.14,34.13,13.14,10.29,12.07,27.36,4.93,68.86,72.56,62.2,43.09,68.13,6.14,34.96,11.14,
UC San Diego,66.57,63.33,72.4,41.08,72.25,7.14,30.21,12,10.14,12.71,26.21,6.21,71.57,73.22,68.6,43.61,71.62,8.14,37.25,14.36,
UC-Santa Barbara,72.54,65.67,78.43,48.33,70.8,5.54,33.8,14.69,10.15,13.46,26.31,7.77,63.85,63.33,64.29,42.6,68.2,6,33.77,11.08,
UCLA,79,73.5,82.67,48.8,74.42,6.2,37.2,14.67,10.73,9.53,24.4,8.73,61,62.17,60.22,41.3,65.5,6.67,29.41,12,
UIC,66.87,61.33,70.56,41.3,66.77,7.47,31.73,12.27,8.47,13.33,24.47,7.2,67.53,74.5,62.89,42.47,70,5.8,29.9,12.33,
UMass,69.54,68.33,70.57,41.83,67.54,5.62,32.88,14.08,12.92,14.46,25.85,7.23,67,66.17,67.71,41.4,67.36,7.23,30.92,14.08,
UMass-Lowell,79.8,76,84.14,50.11,67.92,6.87,38.58,15.73,12.4,15.53,29.27,8.13,63.13,67.63,58,36.63,74.43,6.13,30.36,10.67,
UMBC,75.6,72.29,78.5,43.69,76.5,9.67,35.63,14.8,10.93,10.8,26.8,5.67,73.33,74.43,72.38,45.45,74.06,8.87,39.58,13.2,
UMKC,65.94,62.33,70.57,39.83,71.34,5.94,28.61,9.88,13.75,15.31,25.13,6.94,66.69,72.44,59.29,39.71,74.92,7.31,32.87,11.69,
UNC Asheville,77,71.4,88.2,48.89,66.78,8.27,38.87,13.4,9.13,15.67,26,6.93,72.67,77.2,63.6,43.5,74.54,6.6,30.56,13.13,
UNC Greensboro,70.53,64.71,75.63,42.58,73.18,8.07,34.38,15.27,10.6,13,27,6.6,64.4,65.29,63.63,39.08,71.71,7,29.91,11.13,
UNC Wilmington,71.47,59.43,82,45.69,70.74,6.67,34.84,11.27,10.4,11.13,23.53,6.93,62.8,65.57,60.38,41.84,68.47,5.6,30,9.53,
UNLV,76.93,83.5,75.83,44.28,70.49,8.29,34.32,14.43,11.71,12.71,24.57,10.64,64.5,76.5,62.5,40.2,68.08,8.71,31.94,12.64,
USC,72.33,73,71.89,46.12,71.33,5.8,32.34,14.13,10.13,14.2,26.2,7.2,66.67,68.67,65.33,38.23,72.66,7.6,32.95,12.8,
USC Upstate,70.85,62.5,84.2,46.54,64.5,6.15,35.4,11.62,9.23,13.08,22.15,7.69,72.31,76.88,65,43.3,72.76,6.38,29.86,11.54,
Utah,73.47,62.2,79.1,46.32,69.76,7,36.08,14.4,10.67,13.27,31.2,4.8,61,60.2,61.4,36.11,63.71,5.93,26.18,10.87,
Utah State,83.33,83,83.45,49.59,74.21,10.67,43.36,17.87,8.13,12.27,28.4,4.87,69.87,72.75,68.82,41.14,75.28,7.33,34.48,12.07,
Utah Valley,77.2,70.86,82.75,44.57,73.7,7.53,32.01,16.4,10.27,13,29.4,7.8,67.27,72.86,62.38,39.53,64.84,6.33,29.69,11.6,
UTEP,70.54,67.5,71.89,45.72,60.65,4.62,27.52,13.08,10.92,16.46,26.08,9.15,66.85,84.25,59.11,40.51,72.73,6.08,28.32,10.31,
UTRGV,82.85,70.17,93.71,50.07,68.72,6.38,35.17,16.46,10.62,16.77,27.85,5.15,78.92,89,70.29,43.52,73.12,8.46,33.95,18.23,
UTSA,68.86,67.4,69.67,40.28,72.92,8.29,35.26,12.07,10.57,14.07,24.93,4,74.29,88.2,66.56,43.79,70.29,6.57,31.19,14.21,
Valparaiso,68.33,63.5,71.56,43.11,70.74,5.8,29,12.4,8.8,13,26.27,5.93,73.33,82.17,67.44,43.82,77.46,6.67,32.89,12.47,
Vanderbilt,70.86,73.33,70.18,43.26,67.77,8.29,33.53,12.71,11.5,12.64,26.43,5,66.86,75.67,64.45,41.39,68.55,6.29,29.93,11.93,
VCU,69.43,59.67,72.09,44.03,70.56,6,31.82,12.14,8.79,15.64,24.21,9.57,63.43,69.33,61.82,41.11,71.37,5.93,32.94,11.29,
Vermont,68.33,65.64,75.75,45.28,68.22,8.07,34.47,12.53,7,12.07,25.27,5.27,69,68.36,70.75,45.43,68.73,6.73,34.35,12.07,
Villanova,70.79,67.8,72.44,43.73,84.17,9.07,33.69,12,7.5,10.14,24.71,5.07,67.64,70.6,66,43.35,74.6,8.71,34.76,14.86,
Virginia,69.77,68.6,70.5,45.95,70.88,7.15,37.2,15.92,8.31,9.85,24.38,6.85,59.08,63.8,56.13,40.06,74.12,6.92,33.58,10.54,
Virginia Tech,75.36,71.67,76.36,47.9,73.5,7.86,34.7,14.5,9.29,9.79,27.14,5,63.93,74.67,61,40.5,67.78,6.5,30.64,10.93,
VMI,74.07,62.63,87.14,43.84,76.14,10.47,37.65,12.73,10.6,13.27,26.4,5.8,74.6,79.13,69.43,44.94,66.81,10.13,33.93,16.27,
Wagner,65.08,62.63,69,39.24,63.5,7.62,32.25,12.85,13.46,11.23,23.38,7.46,63.08,68.5,54.4,42.19,71.77,5.62,32.44,10.38,
Wake Forest,75.64,67.4,80.22,45.66,75.56,8.5,35.63,12.64,9.07,13.43,26.57,6.64,71.07,76.4,68.11,43.27,69.79,8.36,32.59,12.07,
Washington,68.8,64.33,69.92,42.89,75.36,6.07,30.33,11,8.87,13.4,24.47,7.2,67.53,69,67.17,42.06,70.09,6.47,28.53,14.2,
Washington State,69.33,63.14,74.75,44.06,72.36,8.53,36.36,11.47,11,13.6,23.93,4.8,65.67,67.43,64.13,45.11,68.13,5.07,31.02,11.4,
Weber State,68.07,61,74.25,44.63,80.97,7.07,33.87,11.4,6.53,13.47,23.93,5.53,68.33,66.43,70,46.06,66.81,8.13,38.61,14.93,
West Virginia,79.43,76,81.33,47.79,70.34,7.29,36.56,14.43,11.36,12.93,24.43,7.36,67.43,72,64.89,42.67,69.93,6.07,31.6,12.07,
Western Carolina,77,65.67,84.56,42.66,71.94,9.87,35.58,13.87,11.67,12.2,27.8,6.13,69.07,69.67,68.67,43.66,70.07,4.87,32.02,11,
Western Illinois,75.71,66.43,85,46.25,71.96,6.79,31.67,14.5,8.71,11.93,26.43,6.43,71.79,75.43,68.14,44.96,70.74,6.07,31.14,9.93,
Western Kentucky,74.69,68.83,79.71,46.35,66.67,8.54,38.95,15.31,8.77,11.38,27,6.31,67.46,70.5,64.86,39.6,72.07,8.62,34.04,11.85,
Western Michigan,68.64,68.13,69.33,44.62,69.59,8,33.43,13.07,12.29,13.71,26,4.79,69.07,77.25,58.17,45.01,66.82,8.29,35.91,14.57,
Wichita State,64.79,50.33,68.73,42.3,68.57,6.64,29.25,10.29,9.57,12.07,27.14,5.57,61.07,53.33,63.18,36.9,72.91,6.64,28.44,12,
William & Mary,68.79,64.14,73.43,43.32,67.06,7.43,36.36,13.07,11.86,11.79,23,7.29,68.43,78,58.86,44.85,72.2,7.21,34.71,13.07,
Winthrop,73.2,66.86,78.75,46.07,74.26,8.2,34.75,11.53,9,15,24.33,5.67,75.13,82,69.13,45.51,63.45,8.27,33.42,15.4,
Wisconsin,68.46,74,66.8,43.11,69.9,8.85,38.21,12.92,7.46,9.69,25.15,7.92,61.15,70.33,58.4,41.95,64.29,6.46,30.43,9.92,
Wisconsin-Green Bay,58.2,53.9,66.8,40.11,71.54,4.93,25.69,10.4,7.27,15,20.53,5.13,75.4,76.6,73,48.7,76.14,7.2,35.29,13.07,
Wisconsin-Milwaukee,78.43,68,86.25,47.69,74.35,8.14,37.62,14.21,11.14,15,27.21,7.71,68.14,78.5,60.38,39.86,68.36,7.64,29.48,12.71,
Wofford,75.33,68.83,79.67,46.55,75.9,7.8,32.05,12.67,10.13,11.33,24.67,5.8,67.93,75.83,62.67,44.86,71.75,7.73,34.12,11.47,
Wright State,78.2,72.57,83.13,50,70.41,5.67,35.56,16,9.2,13.07,26,7.07,72,70.43,73.38,44.33,72.48,8.27,35.13,12.33,
Wyoming,70.86,62,73.27,45.01,69.08,8.93,33.97,12,8.36,11.93,25.07,5,69,68.67,69.09,44.49,76.56,7.79,33.85,11.5,
Xavier,83.8,87.5,82.45,50.83,72.56,7.4,40.36,21,9.73,14,27.87,7.53,73.93,83.25,70.55,43.86,67.04,7.6,37.13,15.13,
Yale,72.54,68.22,82.25,46.4,69.71,7.62,32.57,14.15,11.08,12.15,28.54,6.15,57.08,61.89,46.25,37.78,63.47,5.46,28.86,10.23,
Youngstown State,84.07,80.71,87,49.31,78.06,7.87,37.82,14.33,11.47,13,25.27,7.47,73.33,76,71,45.92,67.46,7.67,36.62,13.93,